Purpose,Name,Sequence,Direction
Gibson assembly,ptWOX11-pUC57 FWD,GAACACGGGGGACTCCTGCAatggaagataatcaaggcca,Fwd
,ptWOX11-pUC57 REV,TGGACAAGTCTAGGGCTCGAttatgctccagagatgattacc,Rev
Plasmid validation,pTRANS-R,CAGTCTTCGTCAGGATTGCA,Rev
,pMOD-D STM,ATGGTCCGATGTGTCCTATG,Fwd
,pMOD-C WUS,AGCACATACGTCAGAAACCA,Fwd
,pMOD-C IPT,TGGCATATTATTCGCCACAA,Fwd
,pMOD-C WOX,GAACACGGGGGACTCCTGCA,Fwd
,TC430,GTTGGATCTCTTCTGCAGCA,Fwd
Cassette validation,Cas9 3f,CTCAGCTCCCTGGTGAGAAG,Fwd
,Cas9 2r,TAGCAGCGAGGAACAAATCA,Rev
Mutation validation,MD-S3-exon1 fwd,GTAATTAATCTGCCTCGCTGTTG,Fwd
,MD-S3-exon1 rev,CTAGGGACATCGATCAAAATCTG,Rev
,MD-S2-exon1 fwd,GTAATTGATCTGCCTTGCTCTTG,Fwd
,MD-S2-exon1 rev,TGTAATGTTTGCACACGCTGGC,Rev
RT-qPCR,PopAT WOX1 fwd2,TACAATGATAGTGGTGACTTCG,Fwd
,PopAT WOX1 rev2,ATCGGTACTATGAAGACGGC,Rev
,E3_ubiquitin fwd2,ATGTATGCCACAGATGCAAG,Fwd
,E3_ubiquitin rev2,AGCATTGACTTTGGAATACCAG,Rev
,PP2A-4 fwd2,GCAGTTTCATGATCTTGCAG,Fwd
,PP2A-4 rev2,TGATAGCGCACTTTCAATGC,Rev
,Actin-7 fwd,TATGCCAGTGGTCGTACAAC,Fwd
,Actin-7 rev, GTGAGGTCACGACCAGCAAGG,Rev